bite_size,green_blood_count,infected_family,location,is_zombie
0.0232797546519,39.1785802401,true,east,false
6.366787889,58.3435957881,false,south,false
4.84417438189,103.638594245,false,west,true
4.13946712832,63.2094227397,false,west,false
1.05753173296,52.0642862083,false,west,false
2.24148589093,128.017381854,false,north,true
0.448417862912,39.6552182686,false,south,false
2.34606881725,195.681359601,true,north,true
2.52855814799,119.723549111,false,north,true
3.79217921865,128.764131924,true,west,true
7.65538005686,47.2960150472,false,west,false
1.55823052394,45.5340305291,false,west,false
3.85089000983,122.828614417,true,north,true
5.6315620934,18.0697646099,false,south,false
3.56184291035,83.7625740351,false,west,true
6.07227515139,44.848927771,false,west,false
3.8215122375,20.3957013721,false,north,false
2.20375583856,53.4255131231,true,south,false
0.741803285022,109.113790654,true,north,true
0.955624831532,55.6189680347,false,east,false
2.84277679047,139.300669874,false,north,true
1.17254299506,11.5683340769,false,south,false
3.55832858473,33.973741357,false,west,true
1.81185680481,43.9317582429,false,west,false
7.4107985069,60.2552204789,false,south,false
2.56267729509,81.8224345207,false,north,true
0.0150918539486,28.6151552678,false,west,false
0.445515194412,43.612303208,false,south,false
3.10558224588,187.161660984,true,west,true
6.10216261014,64.2275538197,false,north,false
1.36528482585,37.6153381703,true,south,false
3.21169225327,45.2345025111,false,south,false
1.27943239919,45.4596699655,false,east,false
1.74736091103,51.6097106906,false,east,false
6.46880783155,48.5506092498,false,south,false
2.70747073878,124.189051304,true,north,true
2.41834537042,102.151896002,true,west,true
5.17210654088,57.1252351095,false,west,false
8.04770394012,37.3669214803,false,west,false
0.395536192236,77.2269027134,false,west,false
2.69981887386,70.1928544725,true,north,true
1.21461199611,15.4115510191,true,west,false
3.97778949544,149.419165793,true,north,true
8.48089867213,55.4654824545,false,west,false
2.32342233523,79.6458274405,true,north,true
4.43633423497,74.5390572488,true,west,false
1.171170692,70.1522664981,false,west,false
2.51133034991,50.0439428534,false,south,false
1.61763923485,55.5805978345,true,north,true
3.62238682081,66.6725231076,false,west,false
1.84356389847,35.3514030646,true,south,false
1.15338449289,65.9321764136,false,east,false
1.59556283633,197.968711189,true,west,true
1.82619856982,23.8127830315,false,west,false
0.9634881792,41.6161251235,false,south,false
6.89495438185,14.9071344184,true,west,false
4.11499783373,84.4932212269,true,south,false
6.97126956524,37.2616249098,true,east,false
6.38041075811,34.0658158735,false,south,false
0.320454331219,50.4618945514,false,west,false
2.2841731205,42.7569444411,false,east,false
6.27358918807,74.3450824491,true,west,true
4.31655037031,18.598696744,false,south,false
1.22123169252,59.5734872761,false,west,false
1.53819662179,54.3102979471,false,west,false
4.61175680629,32.5157188611,true,east,false
2.81248217526,237.887051432,true,north,true
3.64466160514,98.2972662704,true,north,true
2.57123882893,111.802979677,true,north,true
0.865526716356,20.0849966539,true,south,false
3.86229243492,26.9922253881,false,south,false
1.42147641458,34.326660579,true,north,false
3.30114840858,111.944348677,false,north,true
2.80085497885,42.8887531401,true,west,false
2.59443862098,73.5627503373,false,north,true
1.48729948054,137.85529894,false,west,true
9.28183944379,36.061621002,false,east,false
0.393775119345,19.3594162719,false,east,false
0.413864533632,90.4055207897,false,south,false
1.82386817021,59.3732379225,false,west,false
5.60517041631,37.9849113809,true,west,false
2.71405790039,51.6589484916,true,north,true
3.48425156,83.6084748612,true,north,true
0.563214770432,11.5404582171,true,west,false
3.91032032468,41.0952085011,false,west,false
1.14844738116,55.86109732,true,west,false
0.658714418378,36.2095366971,false,east,false
5.49838538802,9.56283132263,false,west,false
3.65669103517,109.051331337,true,north,true
0.845407174369,76.1636680594,true,west,true
3.47643546562,24.368392421,true,west,true
1.85043274043,144.269816724,true,north,true
1.70014412583,40.4442402408,true,south,false
4.47164835906,27.2294931886,false,south,false
1.00056609903,43.2826915476,true,west,false
1.03754912119,55.1567970584,false,north,false
1.16044071632,19.4031343167,true,east,false
2.44123745785,123.610011522,true,west,true
1.19946188881,101.195830147,false,north,true
4.56857768896,27.2638860111,true,east,false
0.418695757985,22.4211003658,true,north,false
1.21395063691,48.3066072381,false,west,false
0.352169799877,40.8840364718,false,south,false
1.63229144172,47.1969709471,false,north,false
3.66051340938,9.24628317679,true,south,false
0.887016284635,57.05798074,false,west,false
3.66453059443,51.7600134986,false,north,true
6.20065249683,47.7648587167,true,south,false
2.34066958817,107.017546215,false,north,true
2.9501045983,124.30738224,true,north,true
1.18992573902,57.6427380605,false,east,false
3.61719522664,52.8897667582,false,west,false
4.55482379536,11.8428757565,false,west,false
2.91392581724,114.136271393,true,north,true
1.51338740827,57.3682898673,false,north,false
3.12491662818,38.7951174738,true,south,false
1.1126210963,20.2455100437,false,east,false
4.12569641095,53.9788399395,true,north,true
3.42982009251,53.7888317892,true,north,true
2.35697487746,78.255882848,true,west,true
3.71961506076,80.9033896491,false,east,false
5.52821632184,40.1875701134,false,west,false
1.89206631067,38.9564055433,true,north,true
0.0979387142562,87.4990909313,false,west,false
5.62770711312,40.3616847291,false,east,false
4.35576136022,36.5596694359,false,north,false
4.27431409168,44.9269637336,true,west,false
7.7007457039,75.8832923904,false,west,false
4.56902965402,49.4774225251,false,west,false
3.85813117726,178.532483951,true,north,true
3.74450807878,162.783234158,true,north,true
3.11879935705,33.2015633716,false,south,false
8.51775832283,69.7320514074,false,south,false
3.93468723733,24.5656451948,false,east,false
1.39203696158,51.0229282976,false,west,false
3.73500255442,59.4275967563,false,south,false
3.05064032013,70.0372250397,true,north,true
3.9855847162,80.5901644059,false,east,true
2.93914586305,61.2913367151,true,north,true
6.42688554479,15.4598213907,false,east,false
0.952139492437,21.4740601658,true,west,false
1.76366752017,26.0182067366,true,south,false
0.930216852506,41.7670379219,false,east,false
4.41451372524,31.9066529035,false,south,false
1.44011094749,34.1174043109,true,west,false
2.81460310555,24.7665012339,true,north,false
8.42652000036,56.4434055392,false,west,false
1.23782824112,73.4299532181,true,west,false
6.383436123,36.5812300121,false,south,false
1.59699748964,65.0393367437,false,west,false
0.838868731198,47.0091667535,false,north,false
3.4506447064,87.96186461,true,north,true
0.435246815117,65.4675314697,true,east,false
2.4257496252,152.295755402,false,north,true
0.638965455235,56.3684199729,true,west,false
2.35157554298,46.9406517702,false,east,false
4.13191377891,42.5995730954,true,west,true
2.49989828169,80.643494877,false,north,true
2.29432550161,43.8101455941,true,north,true
3.56681191054,40.0575508774,true,north,true
1.25782986007,159.83829054,false,north,true
5.64091814793,109.672873958,true,west,true
1.90435432285,34.5859246477,false,west,false
1.16582252575,46.2765439806,false,west,false
0.779422284032,19.1951166993,true,west,false
4.48378042456,51.8330476101,false,north,true
3.32027835189,96.4702899441,true,north,true
3.68801991296,173.96457618,true,north,true
2.4940674203,50.5398303827,false,west,true
3.93557232713,215.871108089,true,north,true
3.05884932484,107.292972111,false,north,true
0.751982886748,67.396119665,false,south,false
3.7982665922,52.7791518925,false,south,false
0.951075962628,59.0040389811,true,south,false
1.02090301734,25.7312956125,false,south,false
3.45007400372,5.17067876975,false,south,false
0.410493486807,21.6681863474,false,west,false
4.47332564768,131.368786433,true,west,true
3.29355878678,97.3742609489,false,north,true
1.26612205433,36.9775707438,true,west,false
4.33621404524,57.833977387,false,east,false
2.74836250419,105.410502932,false,north,true
0.496508637786,166.113451536,false,north,true
6.33684442474,73.3975390617,false,south,false
0.186800534236,69.0679782019,true,north,false
1.87925880453,24.536266998,false,south,false
0.960209622286,25.9332377075,true,west,false
4.98898985208,58.7022364173,true,west,false
0.950810130508,50.6287258837,false,west,false
2.71827650521,71.787340824,false,west,false
4.29737684982,86.888226187,true,west,true
6.20418874125,37.3724531306,false,south,false
9.83784223034,26.1149100484,false,west,false
2.62701184869,62.1905872418,true,north,true
3.77572580446,67.8802604973,false,south,false
1.35446593613,60.1627107552,true,west,false
0.839258230121,8.232060327,false,south,false
1.07167251249,35.1867397741,true,east,false
4.24399021964,45.4062258113,true,east,false
3.1066495389,107.785199898,true,west,true
2.2838794414,90.0092594561,true,north,true
4.15980726221,61.6276857924,false,west,false
5.37813644021,65.2569972714,false,west,false
1.05639248742,72.2399514801,true,west,false
9.82391514093,3.13948016648,false,west,false
1.74343909478,42.3588754034,false,south,false
0.258630670638,37.1457516139,false,west,false
2.99842259891,62.4990665505,true,west,true
0.609010833233,53.815187863,false,west,false
5.6504968975,203.710525712,true,north,true
5.65440388683,42.8676106954,false,south,false
0.314596891782,37.0322222381,false,east,false
4.24369167625,62.2776801261,true,north,true
2.64967002528,98.4221328939,true,west,true
2.51625167266,156.873781865,false,north,true
2.98868971897,221.005427786,true,west,true
3.11493747059,127.730335033,true,north,true
3.07560095731,133.256065468,true,north,true
0.904804971442,53.194210399,false,north,false
3.20694266042,21.7485303427,true,south,false
2.54234502491,63.0049244543,true,north,true
1.48834118622,70.2469181974,false,south,false
1.6566827575,26.1462485899,true,south,false
4.9380579026,147.021939124,true,north,true
4.84477845915,37.2806366802,true,east,false
7.48027892454,52.0473753868,false,west,false
3.71870398613,122.077556121,false,north,true
0.75970410398,40.9690814451,false,south,false
0.437866450761,80.2381562135,false,west,false
3.98527668005,118.218803936,true,north,true
0.958724723668,29.345552938,true,east,false
1.54343289885,36.892609635,false,south,false
1.78056156409,58.4926669635,false,west,false
1.01389910005,23.3956927613,false,south,false
1.23898457653,44.6042205478,false,north,false
0.282986364101,62.9735176406,false,west,false
2.28801232475,29.0679082779,true,north,true
2.45697833208,164.113130032,true,north,true
3.20824208584,65.0654453472,true,east,false
0.59389191541,49.9612105174,false,south,false
3.39515616121,136.193043059,false,north,true
3.38735564024,19.2198652042,true,north,true
4.54298657829,28.6427342935,true,west,false
4.12518599434,53.7142204712,true,north,true
1.4241517389,13.3888646987,false,west,false
0.45335751267,22.1511903508,false,north,false
0.762187367106,51.4959707411,false,north,false
1.64573748342,44.4491546401,false,west,false
8.44634461425,25.0380354431,false,south,false
1.47646802864,32.8207532115,false,south,false
2.12729097238,98.6611633357,false,north,true
1.61223563789,36.8675191008,true,south,false
2.93735669661,66.3017884602,false,west,true
0.316153020229,24.9508953568,false,east,false
0.83514691104,35.9831524045,false,west,false
0.806842913442,60.610825771,false,north,true
3.65967752041,145.278508422,true,east,true
1.74294857747,96.8772173392,false,west,true
4.59143994714,48.8669366864,true,east,false
2.22146416103,165.150089783,false,north,true
0.515278367486,32.166649184,false,west,false
4.98726128392,38.1267716595,false,north,false
3.07171697646,16.7694600049,true,west,false
1.62635214869,64.1423601607,false,north,false
0.138226775876,45.1624067979,true,south,false
2.07514243289,19.4814608635,false,west,false
1.46854820011,49.9489086622,true,east,false
4.14453412862,14.1284320784,false,north,true
0.714509859371,51.1570203001,true,east,false
1.29001782721,45.0537941755,false,south,false
1.84674216474,114.421499204,true,north,true
1.57052019848,48.3782057592,false,north,true
0.300722234984,28.5689532692,false,east,false
1.00033470167,56.4613107632,false,north,false
0.954541646781,16.4030881923,false,south,false
4.92549892495,27.2619540208,false,west,false
2.92738199445,24.1176296561,false,east,false
1.44083257889,67.0132987528,false,south,false
2.62257035248,141.287096884,true,north,true
4.1179596199,99.0795776546,true,north,true
2.22322052643,45.6050873826,true,south,false
3.0607369921,119.567207746,true,north,true
1.17206871367,19.2889845333,false,west,false
1.53075306728,47.5872977478,false,east,false
2.23773647054,44.5932624224,true,north,true
3.87137185844,70.3147480009,false,west,false
7.30112311129,7.11733059261,false,south,false
3.48594759479,16.3432245324,false,south,false
0.223824871838,25.2379004136,true,west,false
5.92609056722,31.910016334,false,west,false
3.26546656242,55.6498047434,false,west,false
4.71016763902,131.734843052,true,west,true
2.23410348578,78.9324325904,true,west,true
2.26326827939,16.5228071524,false,west,false
5.81735156425,14.8130035088,false,south,false
0.653791891768,43.3950139581,false,west,false
3.24666837815,155.105814236,true,north,true
2.4721593981,48.9786326524,false,east,false
5.92694462212,48.6170764688,false,south,false
1.5661292775,71.5849795731,false,west,true
2.97003022196,45.962165156,false,west,false
2.27091766394,13.515744928,true,west,true
4.76049660119,43.7747606431,false,west,false
3.71579772812,102.35631617,true,west,true
8.74292654969,23.517808044,false,west,false
4.85779354895,41.2468750881,true,north,true
0.687556111403,28.8916234427,false,south,false
5.13658222904,39.8418078389,false,west,false
2.98711935023,31.6025403234,true,south,false
5.35735754332,6.33772561673,true,south,false
0.344139661479,15.3012961535,false,west,false
4.47812676284,42.8853123839,true,south,false
2.52941185513,24.880490711,false,north,true
0.86983293224,35.8257287839,false,west,false
1.28246728018,12.424232716,false,east,false
4.16459093444,25.0841737662,false,east,false
7.31159637516,45.0771275821,false,west,false
0.573507749116,27.8470190811,false,west,false
1.66878713717,48.1339834278,false,west,false
1.22697592192,44.2774235036,false,east,false
1.90978413676,126.870933254,true,north,true
4.4406995128,36.7243324696,false,west,false
0.113018528692,31.1632160237,false,east,false
7.38127974902,43.6732712052,false,west,false
3.62061981034,164.484726851,true,west,true
5.68327029665,8.11680702725,false,east,false
1.117019897,41.0388098916,false,south,false
7.49889407791,60.9863855466,false,north,false
0.0394161791239,32.2750979361,false,south,false
4.24512041774,110.730226681,true,west,true
2.9613112016,71.2385716553,true,north,true
2.74540320302,106.278432545,true,north,true
7.6977334569,53.4755652155,true,west,false
2.81597163478,49.2370522025,false,north,true
3.46416430273,94.7639722703,true,north,true
5.61401173184,41.5136779729,false,west,false
3.83387580651,80.159471345,true,north,true
4.5336300005,25.5917884161,false,east,false
1.24600509273,43.9136455778,false,west,false
1.13022756907,156.153886372,true,north,true
4.06576302495,86.5709605419,true,north,true
1.06203369774,29.0690292216,false,west,false
3.6302658093,124.171550921,true,north,true
1.50890952125,18.1906037013,false,east,false
5.92328704718,49.0043836525,false,south,false
1.29697814721,39.4278656703,true,west,false
1.82745300232,67.4212054053,true,north,true
4.53666864444,21.1434524757,true,east,false
2.71937022794,66.9097472824,true,north,true
4.1966945125,66.6237168191,false,west,false
8.11729627188,67.5624443484,true,north,false
0.891782722953,20.9236990499,false,south,false
3.53905477616,3.78603563514,false,south,false
2.74685138706,43.0838409302,true,north,true
6.43295801234,59.5435608726,false,south,false
1.45128690913,61.5883785698,true,east,false
1.11143602465,21.3502194204,false,south,false
1.95688019583,109.946806291,true,north,true
3.99288034536,41.8211644904,true,west,true
1.53697381402,45.0774611173,false,south,false
3.28040241098,37.5820846332,true,north,true
3.16578305916,23.696994929,false,south,false
2.88777111476,161.464285313,true,north,true
1.20347642225,55.6651911492,false,south,false
1.62642889086,37.7610443039,false,east,false
7.84292575027,16.8596979995,true,south,false
2.32031679184,53.2913462078,true,south,true
8.72646003541,23.9683612277,false,north,false
7.07619339626,44.0244298379,false,south,false
4.55089543423,26.0211003027,false,north,false
4.42840928492,22.3357062065,false,west,false
1.97630879146,83.8003849314,true,north,true
8.06949711863,81.0540517641,false,south,false
2.2166398892,42.7939102629,true,west,false
3.32744276785,149.286146179,true,north,true
3.40866399704,48.0261202088,false,west,false
4.72564728431,36.3468270738,false,west,false
7.48009668597,61.4515851982,false,south,false
0.759509838627,65.580467228,false,south,false
6.38703189708,14.9123358759,false,west,false
6.9999610265,60.5542112617,false,east,false
2.19010651122,145.837037349,true,west,true
2.08995407263,71.3959500524,true,north,true
2.32288082148,96.8908397826,true,west,true
2.933659772,144.539666028,false,north,true
1.21449551285,49.6892417092,false,west,false
1.06978941719,50.3605225446,false,west,false
1.24220706229,26.194726564,true,west,false
2.51347192375,12.7097315812,true,west,true
0.462675892667,41.0131316246,false,south,false
1.76276679376,58.4914932507,false,south,false
7.56173646881,32.7696508723,false,west,false
1.3435926758,74.7435468852,true,north,true
4.68429944465,47.8175044245,false,south,false
0.961295179972,14.799690484,false,east,false
4.38924996174,67.8230555122,false,north,true
1.31532640715,18.7919146828,false,west,false
7.24967410877,56.2662189476,true,west,false
5.72272531543,57.3517479491,true,east,false
1.14955246053,53.7325070487,false,south,false
1.07348542873,59.1991068202,false,west,false
0.756960644479,32.16086699,false,west,false
2.95144036094,41.9332736823,false,north,false
5.33779115932,31.0437532931,false,west,false
4.32342089204,144.394453738,false,north,true
3.37492643732,24.7411471174,false,north,false
2.5463951059,0.42928876695,true,west,true
1.34857713562,19.0490467418,false,west,false
4.79006880293,21.3750877018,false,east,false
4.13962923247,110.525488949,true,north,true
0.567345737441,12.5221629378,true,west,false
5.16199561688,1.38670208982,false,west,false
4.58668241229,111.956794525,true,north,true
2.98225935798,88.8297910416,true,north,true
3.51134820659,110.396642842,true,west,true
2.73977572964,114.276335373,true,north,true
2.39083831671,164.658558685,true,north,true
7.75355297624,53.7709131031,false,north,false
7.52836945238,16.8535955926,true,south,false
3.56802785004,89.4714488493,true,north,true
0.821589609317,11.9799422441,false,east,false
4.67059698419,29.0503824199,false,west,false
1.27480164892,79.5940012995,false,east,false
1.256622131,21.8335272103,false,south,false
5.64971094181,16.4113230488,false,south,false
1.05421791505,11.660194885,true,west,false
3.66290415537,56.1836709317,false,south,false
5.46422300796,64.3680203704,false,north,false
4.96046384457,12.6727170218,false,north,false
2.88397369725,16.7871365422,false,south,false
3.46332898728,68.5500090481,true,west,true
1.36741842349,41.5484181144,false,north,false
0.788191055661,28.9693900433,false,west,false
7.83888520635,31.8936486516,false,south,false
0.888893615207,11.4592826559,false,east,false
2.62167173447,114.805944116,false,north,true
3.93192386452,48.2763600678,true,north,true
3.73786612333,119.333560753,true,north,true
0.876961128551,40.5058409628,false,west,false
1.94714092802,51.3282851031,true,west,false
4.62460945381,17.1896869328,false,west,false
5.68499115036,55.6860193625,false,west,false
2.25021044083,27.249558116,true,south,false
1.9982550857,112.860887062,true,north,true
4.08635457865,80.1519623276,true,west,false
1.16718553131,37.9336814661,true,west,false
4.04834865111,139.482188881,true,north,true
0.79072545459,24.213588017,false,west,false
1.49960288206,129.681607323,true,north,true
0.68468172175,62.564714852,false,north,false
3.86049664574,51.5158762777,false,west,false
0.608558890451,39.3710090668,false,west,false
0.794996351173,25.7117849687,false,west,false
5.76163210338,39.7801119743,true,south,false
1.02573434818,49.5377640956,true,south,false
4.20691628492,204.71907667,true,west,true
1.44860535583,31.9278453951,false,west,false
2.33281829193,156.571839429,false,north,true
0.712223254673,38.6078279518,true,north,false
1.23675768251,33.4310812907,false,west,false
0.549715304655,43.5030294364,true,east,false
4.76918988185,21.8701408081,true,west,true
3.06335683395,168.015205303,false,north,true
2.23764378959,125.900809392,true,north,true
1.07658694809,77.5489853953,false,east,false
6.34174021566,41.5082106344,false,south,false
4.5522570464,35.5234366539,true,west,false
1.35217961992,16.3868786995,false,north,false
1.16501032047,64.3213668399,false,east,false
1.52177887688,19.6188877866,false,east,false
2.2979588619,63.0856823588,true,north,true
1.09707281168,42.5231196335,true,east,false
0.918024695898,3.28569120348,false,west,false
0.673560459244,21.973652266,false,south,false
4.91293025743,17.0762510601,true,north,false
1.25566948297,1.03335310087,false,south,false
3.33634947772,55.1959848795,true,north,true
0.600108660536,59.0753340144,false,west,false
1.95243800188,36.7207356832,true,west,false
6.41251473901,34.7021947395,false,east,false
0.868303466075,47.6788087328,true,west,false
1.58679938665,35.2079199609,false,west,false
1.33595108226,22.6302882481,false,west,false
0.166122148239,15.3161302022,false,west,false
1.26761495062,48.4800280022,false,west,false
0.568040938665,61.8485348479,false,north,false
3.09971579988,149.976448467,true,north,true
1.65254958882,47.9406238329,false,south,false
0.700614395479,86.8388751213,true,north,true
6.45222856782,8.59505722697,false,south,false
1.46145219762,59.4058948027,true,south,false
7.43166012163,57.5135310215,true,south,false
1.17027104112,57.8442612239,false,east,false
0.453229181693,40.4391538517,false,south,false
0.482586972999,37.6044226134,false,west,false
4.16563732718,100.093381604,true,east,true
0.590198389896,13.2787787873,false,west,false
5.27788756567,51.9517702361,false,west,false
0.668708772928,18.5838712867,false,west,false
0.203065762421,35.0543771671,false,south,false
2.64303422404,34.2816305591,false,south,false
0.915439889115,27.3478298329,true,west,false
5.15943260778,60.8782955457,false,west,false
0.288515765849,32.3683079058,false,west,false
0.922222061966,55.0612823926,false,south,false
1.96214416658,120.1073643,false,north,true
3.7795838611,50.0924107762,false,west,false
4.4745869193,52.8868660729,false,east,false
5.5165838074,58.0741055993,false,west,false
0.221329086822,31.5591277589,false,east,false
0.934449693761,41.4629398866,true,east,false
0.869938404127,51.6785528684,false,east,false
4.2398563647,40.1555594625,true,east,false
2.50607080582,77.6384075176,false,north,true
2.79253168908,148.101836522,false,north,true
0.875731280432,52.2258888442,false,south,false
0.614978300103,53.9778529247,false,west,false
1.42614338013,35.7006520849,false,south,false
6.69797101382,74.1221164512,false,east,false
3.43519744259,138.487622434,true,north,true
0.406870300052,51.4169221143,true,west,false
3.15888931728,52.5393077573,false,south,false
3.88417592889,1.11415706079,false,west,false
1.37632338194,100.960568331,true,north,true
1.10398748613,37.9218698866,false,east,false
1.24378050721,37.7468002374,false,west,false
3.62919436206,45.1936246215,false,west,false
4.55798059523,42.659409674,false,north,false
4.02005622442,57.698723849,true,west,true
0.264896673737,49.2776062137,true,south,false
1.29202110337,27.3210355524,true,east,false
3.35086545542,112.696774074,true,north,true
5.19770188081,44.6007320995,false,west,false
1.02783177606,79.470922277,false,west,false
0.751543836784,78.444203486,false,south,false
4.31521791747,156.570869838,true,north,true
1.77223763395,53.1047564398,false,south,false
1.55657268321,117.036425514,true,west,true
0.838707252975,5.01340329123,false,west,false
1.81710840424,63.9523192396,true,north,true
4.13556916722,49.2314123519,true,west,true
5.24432203947,40.793281824,true,south,false
1.06915685808,29.034495257,false,west,false
3.65715881985,15.4274525887,false,west,false
4.96241793704,12.5395793973,true,west,false
3.55894511642,40.176139561,false,west,false
4.42595670959,16.6649306158,false,south,false
2.15805826363,28.1989079703,false,east,false
3.02911115548,72.7814230668,true,north,true
3.50277755842,88.6373637181,true,west,true
0.731102956206,59.0039928103,false,south,false
3.95750961237,41.2644720267,false,west,false
2.4780336379,30.3491592341,true,west,false
7.02262980661,11.5023568723,false,east,false
2.25611626077,48.1283314147,false,east,false
1.03996582895,84.5102301488,false,west,false
0.948897164441,53.1831683726,false,west,false
1.35285726159,138.653756655,false,west,true
0.622457556655,38.5882072966,false,west,false
1.56193787522,58.3311690487,false,south,false
1.74867263132,136.164707209,true,west,true
3.53911599906,41.75250078,true,south,false
2.51316258154,142.065371905,true,west,true
4.25397449003,97.2051708209,true,north,true
3.43676351421,88.3421990063,true,north,true
0.6766337813,43.1870201034,true,west,false
3.64126011089,56.1860111237,false,south,false
0.897091904922,45.891647236,false,east,false
1.65595069404,58.333657917,false,west,false
4.61117152104,22.4329859994,true,south,false
3.89606600311,80.3287935047,true,north,true
1.18102734392,13.2728013612,false,west,false
6.35848610036,3.45643102552,false,north,false
3.19789938857,32.8226354121,false,north,false
4.02702425605,43.8936582916,false,south,false
5.63149842473,50.0422917004,false,north,false
1.03876493692,45.8105466151,false,north,false
4.37091617376,42.6408542082,false,west,false
2.99700059971,118.37268543,true,north,true
1.91571286338,132.814736512,true,west,true
0.468564547033,76.5051199649,false,west,false
5.86533428532,37.433084797,false,west,false
6.25049729189,56.0463416643,false,east,false
4.74069352168,35.3285556336,false,west,false
1.08763398859,21.1945292574,false,east,false
1.0676077462,53.16865826,true,west,false
0.557196007005,52.0489466469,true,south,false
2.82327795705,80.185888326,false,west,true
0.228936541338,74.1675987755,false,south,false
2.10029145628,117.71531416,true,north,true
3.16775856559,140.314542926,false,east,true
1.14028660022,29.656773005,false,west,false
3.90141605985,52.9209085326,false,south,false
1.05496082931,6.73207632969,false,west,false
1.42994497424,48.0609568771,false,south,false
0.861602733914,10.3954484498,false,north,false
2.214297151,35.7520086618,false,east,false
1.16871684958,72.9047340256,false,east,false
3.2324937792,69.3766082898,true,north,true
3.00543258308,48.5852439508,false,south,false
0.594971928616,60.6281090191,false,west,false
3.11662852166,28.850377323,false,west,false
1.20908769101,41.4392321508,true,west,false
8.23352772866,31.5244455197,false,west,false
2.68764975366,96.0039313534,false,north,true
0.894455965411,19.2996227212,false,south,false
4.74931493498,28.9974163857,false,west,false
2.17285126298,126.491423363,true,north,true
1.31700579987,25.7606886965,false,west,false
1.17469129446,44.1325251548,false,south,false
0.547691361641,66.777132971,true,north,false
3.69538750213,25.0247509999,false,south,false
8.7386825382,67.002012942,false,west,false
5.32880112172,56.1464244478,true,west,false
1.08998799384,79.5499266077,false,east,false
1.95371249067,103.105068304,true,west,true
0.862282148086,40.2148675258,true,north,true
1.00084639472,18.5958967534,false,north,false
1.33537963839,44.7163429343,true,west,false
4.61133841196,162.220127287,true,south,true
8.35612474742,62.9111518698,true,east,false
1.86501069982,40.7856836706,false,west,false
1.98218288986,50.4307750334,false,east,false
1.35660046024,32.2672468588,false,west,false
3.45464336859,71.9854054152,false,north,true
3.04869066002,96.4364472017,true,east,true
0.305588349147,65.611745954,true,west,false
4.04916303354,38.5317074163,true,north,true
0.551826797849,61.5049442957,false,east,false
1.81324857365,32.9429653598,false,south,false
0.881482943477,28.8346429794,true,east,false
0.59239149185,80.6188896013,false,west,false
1.04015608282,40.5092243506,false,north,true
1.37259162066,29.0251367672,true,south,false
3.10290377005,109.418632828,true,north,true
3.7266186072,109.468880206,true,north,true
5.40390640405,64.9283613903,false,east,false
1.31036397799,68.1395304054,false,east,false
0.631659043704,47.6455308621,false,south,false
1.64315780246,36.5081322632,false,west,false
5.90575631177,27.0576762431,false,south,false
2.284145547,128.131291759,true,north,true
0.800109297227,58.2632340835,false,west,false
2.75754980702,41.2535972003,true,north,true
0.503677795486,42.4107290345,true,east,false
0.675710609377,52.659086916,false,west,false
6.33676174748,70.0182969437,true,east,false
2.61192920014,70.7149261574,false,north,true
5.45988532726,48.5432753745,false,west,false
4.84416194661,139.114508729,true,north,true
0.588584161903,15.3354388675,false,south,false
0.847755154101,40.0728418192,false,west,false
2.10354309802,138.437426235,true,south,true
0.917270158572,31.4575205878,true,south,false
6.97324601068,28.4919803482,false,south,false
3.33441982379,112.098991479,true,west,true
2.81609828155,59.8938595034,true,south,false
1.30245035009,3.92230702479,false,west,false
3.05635190963,49.3273179212,true,north,true
1.28607154452,47.187346162,false,west,false
1.34001132031,4.92255806036,false,west,false
3.94454304322,39.1803374668,true,south,false
1.50663805624,45.6330370882,false,east,false
0.398241220535,52.2236827875,false,west,false
4.99972008998,25.7098857931,false,west,false
1.33572547123,91.144330599,true,north,true
7.5141435345,9.51934711624,false,west,false
1.5414665907,32.9379084773,false,south,false
3.75208150967,140.769646436,true,north,true
1.58499243826,64.0327978685,true,west,true
4.53637403367,57.2031873008,false,west,false
5.30339478084,21.7739994666,false,west,false
0.694803547615,16.3305451033,true,west,false
6.48021254564,57.6669846363,false,south,false
6.77320161326,55.959837788,false,east,false
1.35950374994,21.4708061542,false,south,false
2.81873293014,44.2690246103,false,north,true
9.55333988058,56.8714363371,false,east,false
3.69064910311,65.6411085348,true,north,true
1.86414277568,13.6602141307,false,south,false
3.58712915051,76.6224270834,true,west,true
2.44444448595,34.6174053268,true,north,false
4.41775876323,7.18530813448,true,west,false
3.4824572686,140.567013557,false,north,true
3.89552968949,68.0701308147,false,south,false
0.82979513331,49.6046637481,false,north,false
5.41507954856,73.63238989,false,south,false
1.51661085059,76.9888965266,false,north,true
6.21377865296,38.5775114124,false,west,false
1.87111634338,55.710365837,false,north,true
3.09464085645,97.8372662457,true,north,true
5.96023850957,38.5143680655,false,west,false
0.943555760663,33.9024140156,false,south,false
1.83608746385,71.4386122948,false,south,false
0.172797783719,51.5579222596,false,east,false
1.63840351373,69.3777989319,false,west,false
6.05617780367,44.8774456729,false,west,false
3.25770690977,107.115171795,true,west,true
0.474253909212,52.2578329166,false,west,false
3.17779119328,31.0505938697,false,west,false
1.37648922977,166.709880729,true,west,true
2.6981748717,193.691287669,true,west,true
1.81072823762,39.9923326394,false,south,false
4.80027886394,3.49148982304,false,west,false
1.73827212939,37.7271888873,false,west,false
5.50327674274,21.9328214087,true,south,false
1.94490904053,64.6862935927,true,north,false
7.49780610371,63.3104787577,false,east,false
2.06876888001,104.03189436,false,north,true
3.71403326027,80.9744908735,true,north,true
2.95289375083,33.4631975426,false,west,false
3.28530728914,107.958884871,false,north,true
1.68226909183,32.6275777759,false,east,false
1.17413860437,35.8155451102,true,west,false
2.62604234366,88.3925493048,false,north,true
2.50856667268,104.42944838,true,north,true
1.9128642627,73.4935688151,true,east,false
7.75628051879,14.9741441412,false,west,false
4.02468214616,104.662664561,false,north,true
3.8020854689,40.1684631681,true,west,false
3.33243952488,99.4299405131,true,west,true
3.57979782155,106.483763249,true,north,true
0.766995833202,48.7992056334,true,west,false
0.880626551122,16.0265216045,true,east,false
7.53439860684,54.6620110796,false,south,false
0.921049773106,16.5637245116,false,west,false
7.06817545488,22.687262447,false,north,false
2.53331005104,114.947960408,true,north,true
4.57974941887,48.4037363871,false,south,false
3.3396215276,27.6805010904,true,north,true
2.87781641497,40.1259255824,true,north,true
3.70407045103,146.303280117,true,north,true
0.554864230674,23.9174617813,false,north,false
1.25817019614,48.4289224543,false,west,false
3.89516205917,121.972395157,false,west,true
0.0891553075927,31.8079245601,false,west,false
5.76822818421,42.9817032549,false,west,false
3.1136933165,148.495881661,true,north,true
2.65905249704,77.1252307512,false,west,false
2.96553217385,88.5818925344,false,north,true
2.67505092133,177.526204452,true,north,true
2.55387314524,192.680114372,true,north,true
1.68146180093,52.2193488585,false,south,false
4.95194280435,41.963634291,false,east,false
3.40370611814,122.425825915,false,north,true
4.27719807111,52.9111501357,false,east,false
3.6939210945,35.9840962197,false,east,false
1.09891714866,43.3243959336,false,west,false
5.9488389598,40.376230273,true,south,false
8.18584714875,42.8548679892,false,west,false
5.04090952117,11.3942950971,false,west,false
6.17185146702,42.1523357856,false,west,false
1.29891211117,22.5701921214,false,south,false
4.18947937726,43.8221471885,true,south,false
1.34140256216,25.1505991388,false,west,false
1.31747452995,39.5156761046,false,west,false
2.07396057578,48.8611589346,true,north,true
1.15946667681,46.9067134276,false,west,false
1.14112950623,4.53565374661,false,south,false
6.85592881484,19.0788431516,false,south,false
1.0338075942,31.0265926725,false,south,false
1.77481859671,38.7457426506,false,west,false
1.72621006215,23.0520049619,false,west,false
5.58460790078,41.5951908409,false,west,false
2.85118203099,28.8947025638,true,north,true
1.75412641852,91.5343401197,true,west,true
7.33361536569,32.9120719471,false,east,false
1.10814590371,53.2523099646,false,south,false
2.41974050549,158.476529055,false,north,true
4.53883923676,5.07971105445,false,west,false
0.598610426002,18.9093216164,false,south,false
3.14029266376,122.888292491,true,north,true
1.47154106421,49.1817661839,false,west,false
3.03174993538,149.479070436,true,west,true
4.80965124768,40.1878438832,false,west,false
1.23490097136,6.52758731502,false,south,false
3.65518303023,86.72910119,false,north,true
1.80769373524,23.1024700302,false,west,false
2.14692203551,19.5361139664,false,west,false
2.61688604258,33.0551154082,false,south,false
0.602786906226,23.2197733948,false,west,false
0.96925056939,33.0064416293,false,east,false
1.02599392049,5.61950691677,false,east,false
6.44530181594,19.0432212188,false,south,false
6.65027662787,46.5930616407,true,north,false
5.06511707836,151.633143415,true,west,true
2.172025431,136.966624542,false,west,true
5.10332902743,72.7098139769,false,west,false
1.3811604928,20.767217565,false,east,false
2.324091736,35.2785545943,true,west,false
4.75658592988,43.7541626117,false,west,false
3.61672895612,45.9308939034,false,east,false
1.06606793245,117.115083673,true,west,true
0.243236204178,17.4224588578,false,west,false
2.97674379294,48.5879074378,false,south,false
4.31265006602,65.6373243438,false,south,false
2.74103632211,95.4282168813,true,north,true
0.980967171828,27.3850671807,false,east,false
1.49133578427,76.2833603666,true,north,true
0.843917875345,14.5963926297,true,south,false
1.44121743454,1.18130413233,false,south,false
3.353092958,137.092257633,true,west,true
8.53197433143,57.181383662,true,west,false
1.09261070994,34.8560725818,false,south,false
4.57831496979,49.878873164,false,west,false
1.10848977487,77.3900597608,false,west,false
4.66443250587,71.5271053701,false,west,false
1.16776171603,28.0094033137,false,south,false
0.79599132796,34.9520453215,false,east,false
1.14461373922,46.7021475055,false,west,false
0.0954032919753,34.327712964,true,north,false
0.792572701063,76.8862978766,true,west,false
1.99045603875,154.185539615,true,north,true
6.0799237731,60.6113360107,false,west,false
7.38909936346,65.5329585875,false,south,false
3.38920890362,171.069130398,true,north,true
3.46766072302,91.5850911296,true,south,true
0.797905214147,59.4578611025,false,west,false
2.78589292518,33.8269900629,true,west,true
8.01862690763,43.8174051003,false,south,false
1.73017729125,60.8326854256,false,north,true
1.09530918604,43.268736187,true,west,false
0.527347574505,46.3020860508,false,south,false
2.96447414942,43.6904014703,true,north,true
3.48053041299,109.196602239,false,west,true
3.76491274442,134.885284305,false,north,true
1.08378469095,34.401289763,false,east,false
0.497783368634,83.5852043492,true,south,false
3.71509983051,55.0212680951,false,south,false
3.91057683789,44.2408306109,false,north,false
2.1630789837,55.7552565935,false,west,false
1.07766809389,40.0258231847,false,west,false
2.04720952547,34.6818390878,false,west,false
4.41066857584,1.46005082952,false,west,false
1.23698328772,119.707155804,true,west,true
2.92160428092,110.757441452,true,west,true
0.270343718253,164.613975902,false,north,true
3.43175648931,72.3839349106,true,west,false
0.459436479992,4.96319527077,false,west,false
7.11267072076,59.5720198038,false,west,false
2.21507374333,63.8954981566,true,north,true
7.93171160956,51.0965429075,true,south,false
1.12443030997,8.25452144447,false,west,false
1.03201311694,84.6055158618,false,west,false
0.942070113223,67.4200164621,false,north,false
4.67915416865,42.3627336015,false,east,false
0.984480675063,29.5495426677,true,north,false
4.60894286635,62.8166664287,false,west,false
0.694579613531,19.2338275604,false,west,false
3.54059202493,101.04407004,false,north,true
0.72657765528,33.5621858612,false,west,false
4.76799275723,19.7574107,true,west,false
0.659764114458,38.3060631305,false,east,false
2.93792471619,23.32582373,true,south,true
2.88079937573,60.2147421529,true,west,true
1.21298848822,64.8390419026,true,east,false
0.734993990523,75.8082986386,false,west,false
7.16589122108,41.8921177035,true,east,false
1.16770401362,58.606528973,false,west,false
3.73177748553,154.472920113,true,north,true
3.19574781216,161.620867985,true,north,true
2.5728154016,114.918506778,true,north,true
0.236115919376,57.4012885405,false,west,false
0.561871236852,12.723586544,false,east,false
1.29237028554,27.4769108942,false,west,false
3.15195614974,69.1124873634,true,south,false
1.31122051428,47.2640378666,true,west,true
3.12737650306,124.5264948,false,west,true
3.06294966486,29.8161631419,false,west,false
2.1412221765,15.6553687911,false,south,false
2.47797997834,111.363504792,false,north,true
5.26676866903,41.953978029,true,north,false
1.0369369472,63.9056724994,false,west,false
0.190428087977,34.9184657877,false,south,false
2.39767049325,93.8205873458,true,north,true
3.01340960341,152.44036969,true,north,true
3.32388431675,68.4456138439,true,east,false
1.53266777665,40.4295019618,false,north,false
4.05048501906,95.0778143412,false,north,true
2.21903953508,49.6169635875,true,north,true
4.89871074055,40.7197180478,false,south,false
7.35607114767,39.9095800497,true,west,false
2.71177639138,120.960895443,false,west,true
5.53092579166,37.4910777661,true,south,false
5.24952498832,58.3450299945,false,west,false
0.742225468767,110.387946108,true,north,true
2.96136212976,62.0694954948,true,west,true
1.56803013045,82.8038857801,false,south,false
4.16635524941,33.1441160617,true,east,false
3.95342034593,55.4476757165,false,north,false
4.45037389525,86.4607790498,true,north,true
4.3085056858,47.1282644947,false,west,false
5.52069943435,48.049923739,false,south,false
10.0925334881,73.9768665664,false,west,false
2.89264809921,115.276540829,false,north,true
7.42578123091,39.4979872255,true,east,false
5.1498939171,49.8885439398,false,east,false
5.35412180544,9.79225086619,false,east,false
1.60742804357,39.7273341423,true,west,true
7.37293718368,19.7211706646,true,east,false
5.52714188048,60.1307863043,false,west,false
6.36924596522,33.5738677571,false,west,false
1.46149468537,54.0132710486,false,south,false
0.285293117647,17.5168596704,true,north,false
4.13774986306,1.85753391143,true,south,false
5.22339014091,45.8048172982,true,west,false
1.10786554357,47.7489694724,false,south,false
3.09427311021,88.4731396549,true,west,true
3.59224940124,154.864215878,true,north,true
0.903875403884,45.1732792831,false,north,false
5.42616226891,65.0194695388,true,north,true
2.16079205454,92.4298926039,true,north,true
3.5625181386,76.0185796061,true,west,true
0.402298310689,24.9582540312,false,south,false
2.50735266226,42.7920185448,true,west,true
1.10611742835,22.8837798863,true,west,false
0.733622153044,26.2715614495,true,west,false
4.08169949631,77.8531996182,true,north,true
0.17616407319,59.2928125062,false,south,false
2.05823443551,36.3618689011,false,south,false
2.62097115555,42.773741583,true,east,false
0.603120180548,30.7430245085,false,west,false
1.24617594437,182.355131249,true,west,true
0.781985471828,64.7413026733,false,west,false
3.50048733164,121.837849776,true,north,true
7.62344076161,27.7475715942,false,south,false
6.08642775726,3.98473024699,true,south,false
8.31636686427,57.5146017666,false,south,false
3.23031577204,86.0882533923,false,north,true
1.53732762096,21.8170986908,false,east,false
0.544834470033,59.8050424789,false,east,false
0.580569457311,28.120567128,false,west,false
2.22446042483,88.8281828978,false,north,true
3.73098387903,125.553386775,false,north,true
1.01732932857,43.0769953789,true,west,false
0.757810678031,32.5229710436,false,west,false
0.990356857583,34.4106599045,false,west,false
6.7991972926,48.5117601213,false,west,false
8.13460126139,21.4048343065,true,west,false
2.59239851859,94.791239203,true,north,true
0.437180110962,36.6015836028,false,south,false
3.04137412765,134.577548005,true,north,true
6.23918781268,20.7157063252,false,north,false
3.41349560655,53.1101216074,true,north,true
3.75004194605,40.335597215,true,north,true
1.30935275541,2.52045676543,false,south,false
3.08975905183,156.748909899,false,north,true
0.907507294428,45.4081192885,true,south,false
3.96344450277,30.4620044763,true,west,true
4.64499324043,64.9509816887,false,east,false
6.25865801842,15.5119486147,false,south,false
0.944706486166,68.3044665513,false,north,false
1.09849632996,0.479934173672,false,east,false
3.33941856297,24.2124244894,false,east,false
0.263523914602,53.3458186022,false,west,false
5.90262985553,154.221110644,false,north,true
0.86642691797,33.9267990617,false,east,false
0.383214419638,54.4816624393,false,east,false
1.27216595066,41.0246051349,false,west,false
3.06672199707,95.9729001728,true,north,true
1.27371525141,36.3766298513,false,south,false
1.13636318331,36.4979213317,false,south,false
5.4132175634,191.544638822,false,west,true
0.941906999919,41.779339192,true,south,false
3.07202761417,60.9169850629,true,west,false
6.06034307571,4.79383590433,false,west,false
4.08410610582,17.2562785321,false,west,false
0.826160521652,79.874488749,true,west,false
6.67029744419,62.2977762405,false,east,false
2.97900616167,106.814122837,true,north,true
0.27703379393,9.30609003828,false,west,false
3.15304862272,95.9154325011,true,east,true
1.08448254822,63.4230304462,true,north,true
5.53338888253,137.764420725,false,west,true
7.35343496167,61.0554094797,true,west,false
0.800950746973,37.2741758192,false,south,false
3.14229775614,105.591398013,true,north,true
1.78558961608,54.9902500306,true,west,false
1.63172310119,31.4951120567,true,west,false
0.53828161511,46.6515230152,false,west,false
5.1096618952,49.0399656723,true,north,false
2.66675803617,119.998944,true,north,true
3.20050574051,100.378452515,true,north,true
1.75539861117,183.935567844,true,west,true
1.31692290219,44.5894952023,false,west,false
5.57409392657,58.4994543892,false,south,false
2.97735881442,142.350408469,true,north,true
3.93264377484,43.6558320372,false,south,false
4.55756181887,111.956543549,true,north,true
4.36050323664,136.862301135,true,north,true
2.75643037507,48.4212991274,false,north,false
0.447233779217,53.356796872,true,west,false
0.726858502257,8.57275845921,false,south,false
1.0474992563,13.463124255,true,north,false
3.52612102164,104.957442121,false,west,true
0.740528726148,77.2147318597,false,north,false
3.16562863793,155.232709531,true,north,true
1.16701821091,34.8216973894,false,west,false
8.37227394676,54.2654327928,false,north,false
0.512105626986,51.9079848126,false,north,false
